"artist","firstName","gender","itemInSession","lastName","length","level","location","sessionId","song","userId"
"N.E.R.D. FEATURING MALICE","Jayden","M","0","Fox","288.9922","free","New Orleans-Metairie, LA","184","Am I High (Feat. Malice)","101"
"Death Cab for Cutie","Stefany","F","1","White","216.42404","free","Lubbock, TX","82","A Lack Of Color (Album Version)","83"
"Tracy Gang Pussy","Stefany","F","2","White","221.33506","free","Lubbock, TX","82","I Have A Wish","83"
"Skillet","Kevin","M","0","Arellano","178.02404","free","Harrisburg-Carlisle, PA","153","Monster (Album Version)","66"
"Dance Gavin Dance","Marina","F","0","Sutton","218.46159","free","Salinas, CA","47","Uneasy Hearts Weigh The Most","48"
"Dalto","Aiden","M","1","Hess","190.40608","free","La Crosse-Onalaska, WI-MN","170","Falta Te Dizer","86"
"Kanye West","Makinley","F","0","Jones","278.88281","free","Chicago-Naperville-Elgin, IL-IN-WI","118","Family Business","17"
"Jason Mraz & Colbie Caillat","Kevin","M","0","Arellano","189.6224","free","Harrisburg-Carlisle, PA","187","Lucky (Album Version)","66"
"Liz Callaway","Lily","F","0","Koch","175.43791","paid","Chicago-Naperville-Elgin, IL-IN-WI","172","Journey To The Past  (LP Version)","15"
"The Decemberists","Lily","F","1","Koch","242.59873","paid","Chicago-Naperville-Elgin, IL-IN-WI","172","Everything I Try to Do_ Nothing Seems to Turn Out Right","15"
"Christina Aguilera","Lily","F","2","Koch","254.48444","paid","Chicago-Naperville-Elgin, IL-IN-WI","172","Impossible","15"
"OneRepublic","Lily","F","3","Koch","224.67873","paid","Chicago-Naperville-Elgin, IL-IN-WI","172","Secrets","15"
"Cat Stevens","Kynnedi","F","1","Sanchez","200.202","free","Cedar Rapids, IA","88","Wild World","89"
"Brett Dennen","Lily","F","4","Koch","179.66975","paid","Chicago-Naperville-Elgin, IL-IN-WI","172","World Keeps Turning","15"
"Godsmack","Lily","F","5","Koch","208.24771","paid","Chicago-Naperville-Elgin, IL-IN-WI","172","Greed","15"
"Anis","Lily","F","6","Koch","246.59546","paid","Chicago-Naperville-Elgin, IL-IN-WI","172","Swing Javanaise","15"
"Tiziano Ferro","Lily","F","7","Koch","251.42812","paid","Chicago-Naperville-Elgin, IL-IN-WI","172","Ed Ero Contentissimo","15"
"Kylie Auldist","Lily","F","8","Koch","265.92608","paid","Chicago-Naperville-Elgin, IL-IN-WI","172","Ship Inside A Bottle","15"
"Benga","Lily","F","9","Koch","286.17098","paid","Chicago-Naperville-Elgin, IL-IN-WI","172","The Cut","15"
"T. Rex","Lily","F","10","Koch","132.85832","paid","Chicago-Naperville-Elgin, IL-IN-WI","172","Ride A White Swan","15"
"Mexican Institute of Sound","Lily","F","11","Koch","278.04689","paid","Chicago-Naperville-Elgin, IL-IN-WI","172","Mirando a Las Muchachas","15"
"Velour 100","Lily","F","12","Koch","202.29179","paid","Chicago-Naperville-Elgin, IL-IN-WI","172","Clouds (Of Color Bright Album Version)","15"
"Maria de Barros","Lily","F","13","Koch","276.29669","paid","Chicago-Naperville-Elgin, IL-IN-WI","172","Riberonzinha","15"
"Toby Keith","Lily","F","14","Koch","177.162","paid","Chicago-Naperville-Elgin, IL-IN-WI","172","Big Blue Note","15"
"Marques Houston","Lily","F","15","Koch","264.98567","paid","Chicago-Naperville-Elgin, IL-IN-WI","172","Naked","15"
"Commit Suicide","Lily","F","16","Koch","105.482","paid","Chicago-Naperville-Elgin, IL-IN-WI","172","In All This Revelation","15"
"Smile Empty Soul","Lily","F","17","Koch","218.61832","paid","Chicago-Naperville-Elgin, IL-IN-WI","172","Bottom of a Bottle (Explicit Album Version)","15"
"Amy Winehouse","Lily","F","18","Koch","221.1522","paid","Chicago-Naperville-Elgin, IL-IN-WI","172","Wake Up Alone","15"
"Eyehategod","Lily","F","19","Koch","155.66322","paid","Chicago-Naperville-Elgin, IL-IN-WI","172","Sisterfucker (part Ii)","15"
"Sunidhi Chauhan / Anu Malik / Jatin Sharma","Lily","F","20","Koch","319.32036","paid","Chicago-Naperville-Elgin, IL-IN-WI","172","Dekh Le","15"
"Blondie","Lily","F","21","Koch","127.73832","paid","Chicago-Naperville-Elgin, IL-IN-WI","172","Little Girl Lies (2001 Digital Remaster)","15"
"She & Him","Lily","F","23","Koch","167.83628","paid","Chicago-Naperville-Elgin, IL-IN-WI","172","Got Me","15"
"The Black Keys","Lily","F","24","Koch","294.76526","paid","Chicago-Naperville-Elgin, IL-IN-WI","172","The Lengths","15"
"Survivor","Lily","F","25","Koch","245.36771","paid","Chicago-Naperville-Elgin, IL-IN-WI","172","Eye Of The Tiger","15"
"Conya Doss","Lily","F","26","Koch","317.98812","paid","Chicago-Naperville-Elgin, IL-IN-WI","172","I Miss You","15"
"Disney Studio Chorus","Lily","F","28","Koch","234.84036","paid","Chicago-Naperville-Elgin, IL-IN-WI","172","Little April Shower","15"
"Dirty Projectors","Lily","F","29","Koch","319.63383","paid","Chicago-Naperville-Elgin, IL-IN-WI","172","Stillness Is The Move","15"
"Boom Bip","Lily","F","30","Koch","330.16118","paid","Chicago-Naperville-Elgin, IL-IN-WI","172","From Left To Right","15"
"Avantasia","Lily","F","31","Koch","368.97914","paid","Chicago-Naperville-Elgin, IL-IN-WI","172","Shelter From The Rain","15"
"Amon Amarth","Lily","F","32","Koch","312.29342","paid","Chicago-Naperville-Elgin, IL-IN-WI","172","North Sea Storm (Live)","15"
"Young Money featuring Lloyd","Lily","F","33","Koch","196.33587","paid","Chicago-Naperville-Elgin, IL-IN-WI","172","BedRock (Radio Edit) (feat.Lloyd)","15"
"Breakbeat Era","Lily","F","34","Koch","326.32118","paid","Chicago-Naperville-Elgin, IL-IN-WI","172","Anti-Everything","15"
"Local Natives","Lily","F","35","Koch","237.92281","paid","Chicago-Naperville-Elgin, IL-IN-WI","172","Airplanes","15"
"Gabriella Cilmi","Lily","F","36","Koch","207.38567","paid","Chicago-Naperville-Elgin, IL-IN-WI","172","Awkward Game","15"
"Minus The Bear","Tegan","F","1","Levine","219.76771","free","Portland-South Portland, ME","165","Knights","80"
"Calle 13 Featuring CafÃÂ© Tacuba","Lily","F","37","Koch","293.32853","paid","Chicago-Naperville-Elgin, IL-IN-WI","172","No Hay Nadie Como TÃÂº","15"
"Frumpies","Aleena","F","0","Kirby","134.47791","paid","Waterloo-Cedar Falls, IA","157","Fuck Kitty","44"
"D-12","Aleena","F","1","Kirby","261.40689","paid","Waterloo-Cedar Falls, IA","157","Barbershop","44"
"Emil Gilels/Orchestre de la SociÃÂ©tÃÂ© des Concerts du Conservatoire/AndrÃÂ© Cluytens","Tegan","F","2","Levine","375.19628","free","Portland-South Portland, ME","165","Piano Concerto No. 2 in G minor Op. 22 (2006 Digital Remaster): III.  Presto","80"
"Dragonette","Lily","F","38","Koch","246.49098","paid","Chicago-Naperville-Elgin, IL-IN-WI","172","Fixin to Thrill","15"
"Pennywise","Mohammad","M","0","Rodriguez","188.26404","free","Sacramento--Roseville--Arden-Arcade, CA","87","The Western World","88"
"Kanye West","Aleena","F","2","Kirby","238.52363","paid","Waterloo-Cedar Falls, IA","157","Flashing Lights","44"
"Flash And The Pan","Lily","F","39","Koch","224.65261","paid","Chicago-Naperville-Elgin, IL-IN-WI","172","Waiting for a Train [Single Mix]","15"
"Washed Out","Tegan","F","3","Levine","168.6722","free","Portland-South Portland, ME","165","New Theory","80"
"Katy Perry","Aleena","F","3","Kirby","179.40853","paid","Waterloo-Cedar Falls, IA","157","I Kissed A Girl","44"
"AFI","Lily","F","40","Koch","198.97424","paid","Chicago-Naperville-Elgin, IL-IN-WI","172","Miss Murder","15"
"Drake / Kanye West / Lil Wayne / Eminem","Aleena","F","4","Kirby","357.66812","paid","Waterloo-Cedar Falls, IA","157","Forever","44"
"The Crests","Lily","F","41","Koch","182.88281","paid","Chicago-Naperville-Elgin, IL-IN-WI","172","16 Candles","15"
"Nirvana","Lily","F","42","Koch","219.08853","paid","Chicago-Naperville-Elgin, IL-IN-WI","172","Come As You Are","15"
"Knights Of The Abyss","Aleena","F","5","Kirby","205.66159","paid","Waterloo-Cedar Falls, IA","157","Dragon Pie","44"
"Binary Star","Lily","F","43","Koch","300.19873","paid","Chicago-Naperville-Elgin, IL-IN-WI","172","Honest Expression","15"
"Nada Surf","Aleena","F","6","Kirby","181.08036","paid","Waterloo-Cedar Falls, IA","157","Whose Authority","44"
"Blank & Jones","Aleena","F","7","Kirby","310.15138","paid","Waterloo-Cedar Falls, IA","157","Beyond Time (Ambient Mix)","44"
"Carnifex","Lily","F","44","Koch","219.89832","paid","Chicago-Naperville-Elgin, IL-IN-WI","172","By Darkness Enslaved","15"
"Bono / Secret Machines","Lily","F","45","Koch","285.43955","paid","Chicago-Naperville-Elgin, IL-IN-WI","172","I Am The Walrus","15"
"Broadcast 2000","Aleena","F","8","Kirby","198.84363","paid","Waterloo-Cedar Falls, IA","157","The View","44"
"Pixies","Aleena","F","9","Kirby","229.3024","paid","Waterloo-Cedar Falls, IA","157","Where Is My Mind?","44"
"Kings Of Leon","Lily","F","46","Koch","242.99057","paid","Chicago-Naperville-Elgin, IL-IN-WI","172","Holy Roller Novocaine","15"
"Arctic Monkeys","Aleena","F","10","Kirby","221.85751","paid","Waterloo-Cedar Falls, IA","157","You Know I'm No Good","44"
"Alliance Ethnik","Lily","F","47","Koch","252.21179","paid","Chicago-Naperville-Elgin, IL-IN-WI","172","ReprÃÂ©sente","15"
"Apocalyptica","Chloe","F","0","Cuevas","409.86077","free","San Francisco-Oakland-Hayward, CA","179","Coma","49"
"Big Tymers","Aleena","F","11","Kirby","256.15628","paid","Waterloo-Cedar Falls, IA","157","Lil Mama","44"
"Pat Green","Lily","F","48","Koch","295.33995","paid","Chicago-Naperville-Elgin, IL-IN-WI","172","Whiskey","15"
"Daughtry","Aleena","F","12","Kirby","249.91302","paid","Waterloo-Cedar Falls, IA","157","No Surprise","44"
"Air","Chloe","F","1","Cuevas","212.21832","free","San Francisco-Oakland-Hayward, CA","179","Playground Love","49"
"Sam Cooke","Lily","F","49","Koch","122.04363","paid","Chicago-Naperville-Elgin, IL-IN-WI","172","Ain't Misbehavin","15"
"Live","Aleena","F","13","Kirby","203.28444","paid","Waterloo-Cedar Falls, IA","157","Deep Enough","44"
"Everclear","Lily","F","50","Koch","222.61506","paid","Chicago-Naperville-Elgin, IL-IN-WI","172","Summerland","15"
"Alison Krauss / Union Station","Aleena","F","14","Kirby","129.67138","paid","Waterloo-Cedar Falls, IA","157","Down To The River To Pray","44"
"The All-American Rejects","Lily","F","51","Koch","239.22893","paid","Chicago-Naperville-Elgin, IL-IN-WI","172","Move Along","15"
"Covenant","Aleena","F","15","Kirby","300.19873","paid","Waterloo-Cedar Falls, IA","157","XRDS","44"
"You Me At Six","Aiden","M","0","Hess","191.13751","free","La Crosse-Onalaska, WI-MN","189","Liquid Confidence","86"
"Motion City Soundtrack","Lily","F","52","Koch","206.34077","paid","Chicago-Naperville-Elgin, IL-IN-WI","172","Everything Is Alright (Album Version)","15"
"FM Static","Lily","F","53","Koch","169.84771","paid","Chicago-Naperville-Elgin, IL-IN-WI","172","Something To Believe In","15"
"Dave Gahan","Lily","F","54","Koch","272.92689","paid","Chicago-Naperville-Elgin, IL-IN-WI","172","Kingdom","15"
"Metallica","Lily","F","55","Koch","319.73832","paid","Chicago-Naperville-Elgin, IL-IN-WI","172","Mama Said","15"
"Dr. Hook","Lily","F","56","Koch","229.77261","paid","Chicago-Naperville-Elgin, IL-IN-WI","172","Sylvia's Mother","15"
"Gotan Project","Lily","F","57","Koch","321.30567","paid","Chicago-Naperville-Elgin, IL-IN-WI","172","Diferente","15"
"Carrie Underwood","Lily","F","58","Koch","221.3873","paid","Chicago-Naperville-Elgin, IL-IN-WI","172","Play On","15"
"Ut","Lily","F","59","Koch","313.86077","paid","Chicago-Naperville-Elgin, IL-IN-WI","172","I.D.","15"
"Lil Wayne / Eminem","Lily","F","60","Koch","229.58975","paid","Chicago-Naperville-Elgin, IL-IN-WI","172","Drop The World","15"
"Damage","Lily","F","61","Koch","263.18322","paid","Chicago-Naperville-Elgin, IL-IN-WI","172","For Your Pleasure","15"
"Rionegro / SolimÃÂµes","Lily","F","62","Koch","280.92036","paid","Chicago-Naperville-Elgin, IL-IN-WI","172","De SÃÂ£o Paulo ÃÂ BelÃÂ©m","15"
"Drive-By Truckers","Lily","F","63","Koch","246.22975","paid","Chicago-Naperville-Elgin, IL-IN-WI","172","Outfit","15"
"Tweet","Lily","F","64","Koch","256.39138","paid","Chicago-Naperville-Elgin, IL-IN-WI","172","Smoking Cigarettes (LP Version)","15"
"Ben Folds Five","Lily","F","65","Koch","207.882","paid","Chicago-Naperville-Elgin, IL-IN-WI","172","Steven's Last Night In Town","15"
"Glen Hansard","Lily","F","66","Koch","239.59465","paid","Chicago-Naperville-Elgin, IL-IN-WI","172","Lies","15"
"Chevelle","Adler","M","0","Barrera","389.85098","free","New York-Newark-Jersey City, NY-NJ-PA","174","Dos (LP Version)","100"
"Bill Withers","Lily","F","67","Koch","383.73832","paid","Chicago-Naperville-Elgin, IL-IN-WI","172","Make Love To Your Mind","15"
"Jorge Drexler","Adler","M","1","Barrera","272.14322","free","New York-Newark-Jersey City, NY-NJ-PA","174","Salvapantallas","100"
"Michael Bolton","Lily","F","68","Koch","255.65995","paid","Chicago-Naperville-Elgin, IL-IN-WI","172","How Am I Supposed To Live Without You","15"
"The Mercury Program","Adler","M","2","Barrera","449.12281","free","New York-Newark-Jersey City, NY-NJ-PA","174","Marianas","100"
"Duran Duran","Lily","F","69","Koch","321.88036","paid","Chicago-Naperville-Elgin, IL-IN-WI","172","The Seventh Stranger","15"
"Little Boots","Lily","F","70","Koch","195.94404","paid","Chicago-Naperville-Elgin, IL-IN-WI","172","Meddle","15"
"Johnossi","Lily","F","71","Koch","174.2624","paid","Chicago-Naperville-Elgin, IL-IN-WI","172","Glory Days To Come","15"
"BjÃÂ¶rk","Lily","F","72","Koch","348.57751","paid","Chicago-Naperville-Elgin, IL-IN-WI","172","Undo","15"
"Black Eyed Peas","Lily","F","73","Koch","226.37669","paid","Chicago-Naperville-Elgin, IL-IN-WI","172","Hey Mama","15"
"DecembeRadio","Lily","F","74","Koch","249.62567","paid","Chicago-Naperville-Elgin, IL-IN-WI","172","Find You Waiting","15"
"Bonobo","Lily","F","75","Koch","270.41914","paid","Chicago-Naperville-Elgin, IL-IN-WI","172","1009","15"
"Five Iron Frenzy","Tegan","F","1","Levine","236.09424","free","Portland-South Portland, ME","194","Canada","80"
"Morcheeba","Tegan","F","2","Levine","347.71546","free","Portland-South Portland, ME","194","The Sea","80"
"The Avett Brothers","Tegan","F","3","Levine","307.9571","free","Portland-South Portland, ME","194","All My Mistakes (US4BW0700133)","80"
"Dave Darell","Aiden","M","0","Hess","217.33832","free","La Crosse-Onalaska, WI-MN","197","Children","86"
"Priestess","Ryan","M","1","Smith","190.45832","free","San Jose-Sunnyvale-Santa Clara, CA","183","Talk To Her","26"
"Arcade Fire","Ryan","M","2","Smith","169.19465","free","San Jose-Sunnyvale-Santa Clara, CA","183","I'm Sleeping In A Submarine","26"
"Daft Punk","Ryan","M","3","Smith","211.69587","free","San Jose-Sunnyvale-Santa Clara, CA","183","Crescendolls","26"
"Nickel Creek","Ryan","M","4","Smith","255.13751","free","San Jose-Sunnyvale-Santa Clara, CA","183","When In Rome","26"
"Squeeze","Ryan","M","5","Smith","229.56363","free","San Jose-Sunnyvale-Santa Clara, CA","183","Footprints","26"
"Creedence Clearwater Revival","Samuel","M","0","Gonzalez","175.80363","free","Houston-The Woodlands-Sugar Land, TX","60","Sweet Hitch-Hiker","61"
"Kierra Sheard","Samuel","M","1","Gonzalez","299.02322","free","Houston-The Woodlands-Sugar Land, TX","60","Love Like Crazy (Extended Mix)","61"
"Greg Laswell","Mohammad","M","1","Rodriguez","251.08853","free","Sacramento--Roseville--Arden-Arcade, CA","193","Comes And Goes ( In Waves )","88"
"Pavement","Mohammad","M","3","Rodriguez","99.16036","free","Sacramento--Roseville--Arden-Arcade, CA","193","Mercy:The Laundromat","88"
"Sixx A.M.","Mohammad","M","4","Rodriguez","280.58077","free","Sacramento--Roseville--Arden-Arcade, CA","193","Courtesy Call (Explicit)","88"
"Leonard Cohen","Mohammad","M","5","Rodriguez","267.67628","free","Sacramento--Roseville--Arden-Arcade, CA","193","I'm Your Man","88"
"The Tallest Man On Earth","Joseph","M","0","Gutierrez","203.62404","free","Columbia, SC","167","The Wild Hunt","75"
"My Chemical Romance","Joseph","M","1","Gutierrez","161.90649","free","Columbia, SC","167","Teenagers (Album Version)","75"
"Wendy Rene","Joseph","M","2","Gutierrez","182.46485","free","Columbia, SC","167","After Laughter (Comes Tears) (LP Version)","75"
"Jack Johnson / Paula Fuga","Joseph","M","3","Gutierrez","178.33751","free","Columbia, SC","167","Country Road","75"
"Tub Ring","Joseph","M","4","Gutierrez","233.69098","free","Columbia, SC","167","Invalid","75"
"No Doubt","Mohammad","M","0","Rodriguez","44.93016","free","Sacramento--Roseville--Arden-Arcade, CA","205","BND","88"
"Katy Perry","Mohammad","M","1","Rodriguez","179.40853","free","Sacramento--Roseville--Arden-Arcade, CA","205","I Kissed A Girl","88"
"Neutral Milk Hotel","Joseph","M","5","Gutierrez","248.37179","free","Columbia, SC","167","Ghost","75"
"Dwight Yoakam","Ava","F","0","Robinson","239.3073","free","New Haven-Milford, CT","156","You're The One","50"
"Ella Fitzgerald","Joseph","M","6","Gutierrez","427.15383","free","Columbia, SC","167","On Green Dolphin Street (Medley) (1999 Digital Remaster)","75"
"Tony Rohr","Ava","F","1","Robinson","403.09506","free","New Haven-Milford, CT","156","Van Comp","50"
"Braid","Joseph","M","7","Gutierrez","222.74567","free","Columbia, SC","167","Divers","75"
"Fourmost","Joseph","M","8","Gutierrez","113.6322","free","Columbia, SC","167","Hello Little Girl","75"
"Catupecu Machu","Joseph","M","9","Gutierrez","212.32281","free","Columbia, SC","167","Hormigas","75"
"Creed","Joseph","M","10","Gutierrez","329.87383","free","Columbia, SC","167","Weathered","75"
"Ennio Morricone","Joseph","M","11","Gutierrez","215.01342","free","Columbia, SC","167","Chi Mai (El Profesional)","75"
"Down To The Bone","Sylvie","F","0","Cruz","333.76608","free","Washington-Arlington-Alexandria, DC-VA-MD-WV","182","Keep On Keepin' On","10"
"Three Drives","Sylvie","F","1","Cruz","411.6371","free","Washington-Arlington-Alexandria, DC-VA-MD-WV","182","Greece 2000","10"
"Sebastien Tellier","Sylvie","F","2","Cruz","377.73016","free","Washington-Arlington-Alexandria, DC-VA-MD-WV","182","Kilometer","10"
"Lonnie Gordon","Sylvie","F","3","Cruz","181.21098","free","Washington-Arlington-Alexandria, DC-VA-MD-WV","182","Catch You Baby (Steve Pitron & Max Sanna Radio Edit)","10"
"Charttraxx Karaoke","Ava","F","0","Robinson","225.17506","free","New Haven-Milford, CT","207","Fireflies","50"
"Ska-P","Ava","F","1","Robinson","220.21179","free","New Haven-Milford, CT","207","NiÃÂ±o Soldado","50"
"Dwight Yoakam","Ava","F","2","Robinson","239.3073","free","New Haven-Milford, CT","207","You're The One","50"
"Radiohead","Ayleen","F","0","Wise","130.82077","free","Columbia, SC","70","Pop Is Dead","71"
"Scouting for Girls","Ayleen","F","1","Wise","201.1424","free","Columbia, SC","70","The Mountains Of Navaho","71"
"Alliance Ethnik","Ayleen","F","2","Wise","195.94404","free","Columbia, SC","70","SinceritÃÂ© Et Jalousie","71"
"OutKast","Ayleen","F","3","Wise","227.52608","free","Columbia, SC","70","Ova Da Wudz","71"
"Bloodhound Gang","Kaleb","M","0","Cook","260.20526","free","Yuba City, CA","53","Uhn Tiss Uhn Tiss Uhn Tiss","54"
"Rammstein","Isaac","M","0","Valdez","228.46649","free","Saginaw, MI","112","Adios","3"
"Gershon Kingsley","Isaac","M","1","Valdez","146.57261","free","Saginaw, MI","112","Pop Corn","3"
"The Rakes","Isaac","M","2","Valdez","150.59546","free","Saginaw, MI","112","Strasbourg","3"
"Des'ree","Kaylee","F","1","Summers","246.30812","free","Phoenix-Mesa-Scottsdale, AZ","139","You Gotta Be","8"
"Mr Oizo","Kaylee","F","3","Summers","144.03873","free","Phoenix-Mesa-Scottsdale, AZ","139","Flat 55","8"
"Tamba Trio","Kaylee","F","4","Summers","177.18812","free","Phoenix-Mesa-Scottsdale, AZ","139","Quem Quiser Encontrar O Amor","8"
"The Mars Volta","Kaylee","F","5","Summers","380.42077","free","Phoenix-Mesa-Scottsdale, AZ","139","Eriatarka","8"
"Infected Mushroom","Kaylee","F","6","Summers","440.2673","free","Phoenix-Mesa-Scottsdale, AZ","139","Becoming Insane","8"
"Blue October / Imogen Heap","Kaylee","F","7","Summers","241.3971","free","Phoenix-Mesa-Scottsdale, AZ","139","Congratulations","8"
"Girl Talk","Kaylee","F","8","Summers","160.15628","free","Phoenix-Mesa-Scottsdale, AZ","139","Once again","8"
"Black Eyed Peas","Sylvie","F","0","Cruz","214.93506","free","Washington-Arlington-Alexandria, DC-VA-MD-WV","9","Pump It","10"
"Fall Out Boy","Ryan","M","1","Smith","200.72444","free","San Jose-Sunnyvale-Santa Clara, CA","169","Nobody Puts Baby In The Corner","26"
"M.I.A.","Ryan","M","2","Smith","233.7171","free","San Jose-Sunnyvale-Santa Clara, CA","169","Mango Pickle Down River (With The Wilcannia Mob)","26"
"Survivor","Jayden","M","0","Fox","245.36771","free","New Orleans-Metairie, LA","100","Eye Of The Tiger","101"
"Dee Dee Bridgewater","Lily","F","38","Koch","318.64118","paid","Chicago-Naperville-Elgin, IL-IN-WI","818","La Vie En Rose","15"
"Tim O'brien","Lily","F","39","Koch","176.14322","paid","Chicago-Naperville-Elgin, IL-IN-WI","818","Think About Last Night","15"
"Nirvana","Lily","F","40","Koch","215.11791","paid","Chicago-Naperville-Elgin, IL-IN-WI","818","Love Buzz","15"
"Weezer","Lily","F","41","Koch","479.32036","paid","Chicago-Naperville-Elgin, IL-IN-WI","818","Only In Dreams","15"
"Nightwish","Lily","F","42","Koch","286.1971","paid","Chicago-Naperville-Elgin, IL-IN-WI","818","She Is My Sin","15"
"California Swag District","Lily","F","43","Koch","239.17669","paid","Chicago-Naperville-Elgin, IL-IN-WI","818","Teach Me How To Dougie","15"
"Miike Snow","Lily","F","44","Koch","385.35791","paid","Chicago-Naperville-Elgin, IL-IN-WI","818","Silvia","15"
"Katy Perry","Lily","F","45","Koch","179.40853","paid","Chicago-Naperville-Elgin, IL-IN-WI","818","I Kissed A Girl","15"
"Sikth","Lily","F","46","Koch","250.53995","paid","Chicago-Naperville-Elgin, IL-IN-WI","818","Peep Show","15"
"Lily Allen","Lily","F","47","Koch","199.88853","paid","Chicago-Naperville-Elgin, IL-IN-WI","818","Not Fair","15"
"The Presidents of the United States of America","Lily","F","48","Koch","495.77751","paid","Chicago-Naperville-Elgin, IL-IN-WI","818","Lump","15"
"Wordsworth","Lily","F","49","Koch","253.1522","paid","Chicago-Naperville-Elgin, IL-IN-WI","818","Right Now (Produced by Ayatollah)","15"
"Rihanna","Lily","F","50","Koch","229.04118","paid","Chicago-Naperville-Elgin, IL-IN-WI","818","Take A Bow","15"
"Tomas Bodin","Lily","F","51","Koch","396.53832","paid","Chicago-Naperville-Elgin, IL-IN-WI","818","Back To The African Garden","15"
"Black Eyed Peas","Lily","F","52","Koch","326.86975","paid","Chicago-Naperville-Elgin, IL-IN-WI","818","My Humps","15"
"Carolina Liar","Lily","F","53","Koch","240.45669","paid","Chicago-Naperville-Elgin, IL-IN-WI","818","Show Me What I'm Looking For (Album Version)","15"
"Kansas","Lily","F","54","Koch","202.29179","paid","Chicago-Naperville-Elgin, IL-IN-WI","818","Dust in The Wind","15"
"Onar","Lily","F","55","Koch","306.6771","paid","Chicago-Naperville-Elgin, IL-IN-WI","818","Xehasmeni Melodia","15"
"Live","Lily","F","56","Koch","286.98077","paid","Chicago-Naperville-Elgin, IL-IN-WI","818","Lakini's Juice","15"
"Abstract Rude","Lily","F","57","Koch","196.85832","paid","Chicago-Naperville-Elgin, IL-IN-WI","818","Nuff Fire","15"
"Johnny Horton","Lily","F","58","Koch","131.81342","paid","Chicago-Naperville-Elgin, IL-IN-WI","818","Mean Mean Son Of A Gun","15"
"The Men They Couldn't Hang","Lily","F","59","Koch","251.14077","paid","Chicago-Naperville-Elgin, IL-IN-WI","818","Ironmasters","15"
"Rilo Kiley","Lily","F","60","Koch","234.03057","paid","Chicago-Naperville-Elgin, IL-IN-WI","818","The Absence Of God (Album Version)","15"
"Shwayze","Lily","F","61","Koch","201.63873","paid","Chicago-Naperville-Elgin, IL-IN-WI","818","Lost My Mind","15"
"Bram Vermeulen","Lily","F","62","Koch","251.42812","paid","Chicago-Naperville-Elgin, IL-IN-WI","818","Mamma","15"
"Death Cab for Cutie","Lily","F","63","Koch","189.3873","paid","Chicago-Naperville-Elgin, IL-IN-WI","818","I Will Follow You into the Dark (Album Version)","15"
"Dwight Yoakam","Lily","F","64","Koch","239.3073","paid","Chicago-Naperville-Elgin, IL-IN-WI","818","You're The One","15"
"Jadakiss / Ghostface Killah / Raekwon","Lily","F","65","Koch","173.76608","paid","Chicago-Naperville-Elgin, IL-IN-WI","818","Cartel Gathering","15"
"Rosana","Lily","F","66","Koch","256.31302","paid","Chicago-Naperville-Elgin, IL-IN-WI","818","Si tu no estas","15"
"The Killers","Lily","F","67","Koch","230.39955","paid","Chicago-Naperville-Elgin, IL-IN-WI","818","The Ballad of Michael Valentine","15"
"Alliance Ethnik","Lily","F","68","Koch","195.94404","paid","Chicago-Naperville-Elgin, IL-IN-WI","818","SinceritÃÂ© Et Jalousie","15"
"Enya","Lily","F","69","Koch","289.802","paid","Chicago-Naperville-Elgin, IL-IN-WI","818","China Roses","15"
"Aya RL","Lily","F","70","Koch","225.43628","paid","Chicago-Naperville-Elgin, IL-IN-WI","818","Jazz","15"
"Clor","Ryan","M","0","Smith","227.68281","free","San Jose-Sunnyvale-Santa Clara, CA","820","Love + Pain","26"
"Alejandro Fernandez","Ryan","M","1","Smith","262.84363","free","San Jose-Sunnyvale-Santa Clara, CA","820","Solitario Y Solo","26"
"Yonder Mountain String Band","Ryan","M","2","Smith","152.18893","free","San Jose-Sunnyvale-Santa Clara, CA","820","Midwest Gospel Radio","26"
"K'Naan","Ava","F","0","Robinson","220.49914","free","New Haven-Milford, CT","824","Wavin'  Flag","50"
"Cradle Of Filth","Kate","F","0","Harrell","453.09342","paid","Lansing-East Lansing, MI","828","Her Ghost In The Fog","97"
"Amanda Marshall","Kate","F","1","Harrell","274.28526","paid","Lansing-East Lansing, MI","828","Let It Rain","97"
"Rammstein","Kate","F","2","Harrell","272.40444","paid","Lansing-East Lansing, MI","828","Sonne","97"
"Cat Stevens","Kate","F","3","Harrell","167.6273","paid","Lansing-East Lansing, MI","828","If You Want To Sing Out_ Sing Out","97"
"Emma Shapplin","Kate","F","4","Harrell","267.62404","paid","Lansing-East Lansing, MI","828","Spente Le Stelle","97"
"Modest Mouse","Kate","F","5","Harrell","209.52771","paid","Lansing-East Lansing, MI","828","Float On","97"
"Flaco Jimenez","Kate","F","6","Harrell","155.81995","paid","Lansing-East Lansing, MI","828","En El Cielo No Hay Cerveza (In Heaven There Is No Beer)","97"
"Modest Mouse","Kate","F","7","Harrell","209.52771","paid","Lansing-East Lansing, MI","828","Float On","97"
"Cedric Gervais feat. Second Sun","Kate","F","8","Harrell","230.32118","paid","Lansing-East Lansing, MI","828","Pills (Radio Edit) (Radio Edit)","97"
"Sheena Easton","Kate","F","9","Harrell","239.62077","paid","Lansing-East Lansing, MI","828","Strut (1993 Digital Remaster)","97"
"Everything But The Girl","Kate","F","10","Harrell","218.74893","paid","Lansing-East Lansing, MI","828","My Baby Don't Love Me","97"
"Florence + The Machine","Kate","F","11","Harrell","219.66322","paid","Lansing-East Lansing, MI","828","Dog Days Are Over (Radio Edit)","97"
"BoDeans","Kate","F","12","Harrell","354.01098","paid","Lansing-East Lansing, MI","828","Naked (Live)","97"
"OneRepublic","Kate","F","13","Harrell","208.14322","paid","Lansing-East Lansing, MI","828","Apologize","97"
"Miley Cyrus","Kate","F","14","Harrell","194.45506","paid","Lansing-East Lansing, MI","828","Full Circle","97"
"Coldplay","Kate","F","15","Harrell","139.12771","paid","Lansing-East Lansing, MI","828","Don't Panic","97"
"Atreyu","Kate","F","16","Harrell","308.37506","paid","Lansing-East Lansing, MI","828","You Were The King_ Now You're Unconscious (Album Version)","97"
"Bruce Springsteen","Kate","F","17","Harrell","270.54975","paid","Lansing-East Lansing, MI","828","Born To Run","97"
"BjÃÂ¶rk","Kate","F","18","Harrell","348.57751","paid","Lansing-East Lansing, MI","828","Undo","97"
"Big Shug","Kate","F","19","Harrell","140.56444","paid","Lansing-East Lansing, MI","828","It Just Don't Stop","97"
"The Wallflowers","Kate","F","20","Harrell","315.24526","paid","Lansing-East Lansing, MI","828","Be Your Own Girl","97"
"Chris Brown","Kate","F","21","Harrell","203.80689","paid","Lansing-East Lansing, MI","828","Ain't No Way (You Won't Love Me)","97"
"Charly GarcÃÂ­a","Kate","F","22","Harrell","231.73179","paid","Lansing-East Lansing, MI","828","Filosofia Barata Y Zapatos De Goma","97"
"N.W.A ft. Eazy-E","Kate","F","23","Harrell","338.18077","paid","Lansing-East Lansing, MI","828","Boyz-N-The-Hood","97"
"The Mighty Mighty Bosstones","Kate","F","24","Harrell","158.87628","paid","Lansing-East Lansing, MI","828","1/2/2008","97"
"Beastie Boys","Kate","F","25","Harrell","211.722","paid","Lansing-East Lansing, MI","828","Unite (2009 Digital Remaster)","97"
"Yuksek","Kate","F","26","Harrell","218.95791","paid","Lansing-East Lansing, MI","828","Take A Ride","97"
"Fernando Ubiergo","Kate","F","27","Harrell","218.74893","paid","Lansing-East Lansing, MI","828","Cuando Agosto Era 21","97"
"Phoenix","Kate","F","28","Harrell","192.86159","paid","Lansing-East Lansing, MI","828","Napoleon Says","97"
"Radney Foster","Jayden","M","0","Fox","288.96608","free","New Orleans-Metairie, LA","790","Sweet And Wild","101"
"Neneh Cherry","Jayden","M","1","Fox","232.202","free","New Orleans-Metairie, LA","790","Manchild","101"
"Hooligans","Ayla","F","0","Johnson","189.98812","free","Santa Rosa, CA","785","Szex & KV","63"
"Kid Cudi / MGMT / Ratatat","Lily","F","0","Burns","295.67955","free","New York-Newark-Jersey City, NY-NJ-PA","786","Pursuit Of Happiness (nightmare)","32"
"Foals","Morris","M","0","Gilmore","316.89098","free","Raleigh, NC","351","Blue Blood","23"
"'N Sync/Phil Collins","Morris","M","1","Gilmore","143.64689","free","Raleigh, NC","351","Trashin' The Camp (Phil And 'N Sync Version)","23"
"Kristian Stanfill","Jayden","M","0","Fox","287.50322","free","New Orleans-Metairie, LA","838","I Need You","101"
"Enrique Iglesias","Jayden","M","1","Fox","241.42322","free","New Orleans-Metairie, LA","838","Tired Of Being Sorry","101"
"Michael Cretu","Jayden","M","2","Fox","301.06077","free","New Orleans-Metairie, LA","838","The Invisible Man","101"
"Tommy Emmanuel","Jayden","M","3","Fox","168.14975","free","New Orleans-Metairie, LA","838","Windy & Warm","101"
"Cherise","Stefany","F","0","White","229.69424","free","Lubbock, TX","772","No Good 4 You","83"
"Anna Waronker","Jayden","F","0","Duffy","189.6224","free","Seattle-Tacoma-Bellevue, WA","662","Nothing Personal","76"
"King ChangÃÂ³","Cecilia","F","0","Owens","340.74077","free","Atlanta-Sandy Springs-Roswell, GA","763","ConfesiÃÂ³n","6"
"Gang Of Four","Cecilia","F","1","Owens","193.14893","free","Atlanta-Sandy Springs-Roswell, GA","763","I Found That Essence Rare","6"
"Line Renaud","Cecilia","F","2","Owens","176.16934","free","Atlanta-Sandy Springs-Roswell, GA","763","Le Soir","6"
"the bird and the bee","Tegan","F","2","Levine","198.1122","paid","Portland-South Portland, ME","823","Last Day Of Our Love","80"
"Explosions In The Sky","Adelyn","F","0","Jordan","497.47546","free","Chicago-Naperville-Elgin, IL-IN-WI","458","Your Hand In Mine","7"
"Paul Van Dyk Featuring Jessica Sutta","Layla","F","0","Griffin","425.66485","paid","Lake Havasu City-Kingman, AZ","672","White Lies (Dave Spoon Remix)","24"
"Tim Hughes","Layla","F","1","Griffin","323.47383","paid","Lake Havasu City-Kingman, AZ","672","God of Justice","24"
"David Cassidy & The Partridge Family","Layla","F","2","Griffin","227.73506","paid","Lake Havasu City-Kingman, AZ","672","I'll Meet You Halfway","24"
"Snow Patrol","Layla","F","3","Griffin","200.93342","paid","Lake Havasu City-Kingman, AZ","672","Crack The Shutters","24"
"Third Eye Blind","Layla","F","4","Griffin","347.11465","paid","Lake Havasu City-Kingman, AZ","672","Darwin","24"
"HYPOCRISY","Layla","F","5","Griffin","331.38893","paid","Lake Havasu City-Kingman, AZ","672","The Quest","24"
"Peccatum","Layla","F","6","Griffin","283.0624","paid","Lake Havasu City-Kingman, AZ","672","And Pray For Me","24"
"Justyna Steczkowska","Layla","F","7","Griffin","333.53098","paid","Lake Havasu City-Kingman, AZ","672","Noc...","24"
"Bloc Party","Layla","F","8","Griffin","259.36934","paid","Lake Havasu City-Kingman, AZ","672","Your Visits Are Getting Shorter","24"
"Temprees","Layla","F","9","Griffin","177.34485","paid","Lake Havasu City-Kingman, AZ","672","At Last","24"
"Mickie Krause","Layla","F","10","Griffin","204.17261","paid","Lake Havasu City-Kingman, AZ","672","Orange TrÃÂ¤gt Nur Die MÃÂ¼llabfuhr (Go West)","24"
"Foolish Things","Layla","F","11","Griffin","266.86649","paid","Lake Havasu City-Kingman, AZ","672","Who Can Compare","24"
"Bersuit Vergarabat","Layla","F","12","Griffin","289.30567","paid","Lake Havasu City-Kingman, AZ","672","Hecho En Buenos Aires","24"
"ManÃÂ¡","Layla","F","13","Griffin","262.81751","paid","Lake Havasu City-Kingman, AZ","672","Mariposa traicionera","24"
"Newton Faulkner","Layla","F","14","Griffin","190.04036","paid","Lake Havasu City-Kingman, AZ","672","Feels Like Home","24"
"BjÃÂ¶rk","Layla","F","15","Griffin","260.25751","paid","Lake Havasu City-Kingman, AZ","672","Come To Me","24"
"Olivia Newton-John","Layla","F","16","Griffin","132.23138","paid","Lake Havasu City-Kingman, AZ","672","Hochmah (Interlude)","24"
"David Byrne & Fatboy Slim feat. Charmaine Clamor","Layla","F","17","Griffin","238.65424","paid","Lake Havasu City-Kingman, AZ","672","Walk Like A Woman (Album Version)","24"
"Lords Of The New Church","Layla","F","18","Griffin","182.36036","paid","Lake Havasu City-Kingman, AZ","672","Girls Girls Girls","24"
"Harry Chapin","Layla","F","19","Griffin","406.15138","paid","Lake Havasu City-Kingman, AZ","672","Taxi  (LP Version)","24"
"Jimmy Eat World","Layla","F","20","Griffin","166.00771","paid","Lake Havasu City-Kingman, AZ","672","The Middle","24"
"Now It's Overhead","Layla","F","21","Griffin","267.04934","paid","Lake Havasu City-Kingman, AZ","672","Profile (Album Version)","24"
"BjÃÂ¶rk","Layla","F","22","Griffin","348.57751","paid","Lake Havasu City-Kingman, AZ","672","Undo","24"
"THE CHIFFONS","Layla","F","23","Griffin","124.682","paid","Lake Havasu City-Kingman, AZ","672","I Have A Boyfriend","24"
"BeyoncÃÂ©","Layla","F","24","Griffin","293.14567","paid","Lake Havasu City-Kingman, AZ","672","Dangerously In Love","24"
"Roxy Music","Layla","F","25","Griffin","269.5571","paid","Lake Havasu City-Kingman, AZ","672","More Than This","24"
"Tokio Hotel","Layla","F","26","Griffin","191.89506","paid","Lake Havasu City-Kingman, AZ","672","Nach dir kommt nichts","24"
"Coldplay","Layla","F","27","Griffin","274.41587","paid","Lake Havasu City-Kingman, AZ","672","One I Love","24"
"Lou Gramm","Kevin","M","3","Arellano","296.17587","free","Harrisburg-Carlisle, PA","676","Just Between You And Me (Remastered LP Version)","66"
"Aesop Rock","Layla","F","28","Griffin","272.24771","paid","Lake Havasu City-Kingman, AZ","672","One Brick","24"
"The Mars Volta","Layla","F","29","Griffin","426.00444","paid","Lake Havasu City-Kingman, AZ","672","Drunkship Of Lanterns","24"
"Jonna Tervomaa","Layla","F","30","Griffin","219.97669","paid","Lake Havasu City-Kingman, AZ","672","Kaiken se kÃÂ¤rsii","24"
"Kings Of Leon","Layla","F","31","Griffin","231.81016","paid","Lake Havasu City-Kingman, AZ","672","Use Somebody","24"
"LMFAO / Lil Jon","Layla","F","32","Griffin","222.17098","paid","Lake Havasu City-Kingman, AZ","672","Shots","24"
"Global Deejays Feat. Rozalla","Jordan","F","0","Hicks","398.52363","free","Salinas, CA","684","EverybodyÃÂ´s Free","37"
"Ratt","Layla","F","33","Griffin","195.86567","paid","Lake Havasu City-Kingman, AZ","672","Scratch That Itch (LP Version)","24"
"Kings Of Leon","Layla","F","34","Griffin","201.79546","paid","Lake Havasu City-Kingman, AZ","672","Revelry","24"
"N.E.R.D.","Layla","F","35","Griffin","259.23873","paid","Lake Havasu City-Kingman, AZ","672","Rock Star","24"
"Future Rock","Lily","F","0","Koch","239.90812","paid","Chicago-Naperville-Elgin, IL-IN-WI","612","Gears","15"
"Pride Tiger","Layla","F","36","Griffin","215.77098","paid","Lake Havasu City-Kingman, AZ","672","The Lucky Ones","24"
"Lady GaGa / Colby O'Donis","Layla","F","37","Griffin","238.54975","paid","Lake Havasu City-Kingman, AZ","672","Just Dance","24"
"Linkin Park","Lily","F","1","Koch","216.92036","paid","Chicago-Naperville-Elgin, IL-IN-WI","612","In The End (Album Version)","15"
"Rapper K","Lily","F","2","Koch","328.51546","paid","Chicago-Naperville-Elgin, IL-IN-WI","612","Moving Forward (feat. Late_ M.E.N.I.S. & Caper)","15"
"Nevermore","Layla","F","38","Griffin","253.1522","paid","Lake Havasu City-Kingman, AZ","672","I Am The Dog","24"
"Phoenix","Layla","F","39","Griffin","198.03383","paid","Lake Havasu City-Kingman, AZ","672","Too Young","24"
"Mt. St. Helens Vietnam Band","Lily","F","3","Koch","253.6224","paid","Chicago-Naperville-Elgin, IL-IN-WI","612","A Year Or Two","15"
"Justice","Layla","F","40","Griffin","242.23302","paid","Lake Havasu City-Kingman, AZ","672","D.A.N.C.E. [Live Version]","24"
"Kings Of Leon","Lily","F","4","Koch","201.32526","paid","Chicago-Naperville-Elgin, IL-IN-WI","612","Joe's Head","15"
"A Skylit Drive","Layla","F","41","Griffin","206.18404","paid","Lake Havasu City-Kingman, AZ","672","City On The Edge Of Forever","24"
"Muse","Lily","F","5","Koch","346.69669","paid","Chicago-Naperville-Elgin, IL-IN-WI","612","Resistance","15"
"Superlitio","Layla","F","42","Griffin","226.79465","paid","Lake Havasu City-Kingman, AZ","672","Te LastimÃÂ©","24"
"Meteors","Lily","F","6","Koch","142.21016","paid","Chicago-Naperville-Elgin, IL-IN-WI","612","Yellow Zone","15"
"Ray Barretto","Layla","F","43","Griffin","251.79383","paid","Lake Havasu City-Kingman, AZ","672","Indestructible","24"
"The Lonely Island / Justin Timberlake","Lily","F","7","Koch","161.01832","paid","Chicago-Naperville-Elgin, IL-IN-WI","612","Dick In A Box","15"
"Foo Fighters","Layla","F","44","Griffin","302.91546","paid","Lake Havasu City-Kingman, AZ","672","What If I Do?","24"
"LMFAO","Lily","F","8","Koch","227.99628","paid","Chicago-Naperville-Elgin, IL-IN-WI","612","I'm In Miami Bitch","15"
"Avenged Sevenfold","Lily","F","9","Koch","426.13506","paid","Chicago-Naperville-Elgin, IL-IN-WI","612","Shattered By Broken Dreams","15"
"The Thrills","Layla","F","45","Griffin","332.9824","paid","Lake Havasu City-Kingman, AZ","672","Hollywood Kids","24"
"Patty Larkin","Layla","F","46","Griffin","220.1073","paid","Lake Havasu City-Kingman, AZ","672","Don't","24"
"Coldplay","Layla","F","47","Griffin","298.762","paid","Lake Havasu City-Kingman, AZ","672","Shiver","24"
"Coldplay","Layla","F","48","Griffin","268.38159","paid","Lake Havasu City-Kingman, AZ","672","Yellow","24"
"Taylor Swift","Layla","F","49","Griffin","192.73098","paid","Lake Havasu City-Kingman, AZ","672","Crazier","24"
"Brad Paisley With Andy Griffith","Sylvie","F","0","Cruz","302.70649","free","Washington-Arlington-Alexandria, DC-VA-MD-WV","681","Waitin' On A Woman","10"
"Fruko Y Sus Tesos","Layla","F","50","Griffin","261.11955","paid","Lake Havasu City-Kingman, AZ","672","El Presidiario","24"
"Fats Domino","Layla","F","51","Griffin","122.98404","paid","Lake Havasu City-Kingman, AZ","672","Be My Guest","24"
"Crippled Black Phoenix","Layla","F","52","Griffin","434.78159","paid","Lake Havasu City-Kingman, AZ","672","A Lack of Common Sense","24"
"BjÃÂ¶rk","Layla","F","53","Griffin","348.57751","paid","Lake Havasu City-Kingman, AZ","672","Undo","24"
"The Kills","Layla","F","54","Griffin","203.38893","paid","Lake Havasu City-Kingman, AZ","672","Last Day Of Magic","24"
"Lady GaGa / Colby O'Donis","Layla","F","55","Griffin","238.54975","paid","Lake Havasu City-Kingman, AZ","672","Just Dance","24"
"Kanye West","Layla","F","56","Griffin","237.47873","paid","Lake Havasu City-Kingman, AZ","672","Flashing Lights","24"
"M83","Layla","F","57","Griffin","234.47465","paid","Lake Havasu City-Kingman, AZ","672","Noise","24"
"Kix","Layla","F","58","Griffin","246.25587","paid","Lake Havasu City-Kingman, AZ","672","Girl Money","24"
"The Beatnuts","Layla","F","59","Griffin","267.36281","paid","Lake Havasu City-Kingman, AZ","672","World Famous","24"
"The Foreign Exchange","Layla","F","60","Griffin","249.20771","paid","Lake Havasu City-Kingman, AZ","672","All That You Are (Instrumental)","24"
"The View","Layla","F","62","Griffin","249.49506","paid","Lake Havasu City-Kingman, AZ","672","Double Yellow Lines","24"
"Britney Spears","Tegan","F","2","Levine","197.09342","paid","Portland-South Portland, ME","666","(You Drive Me) Crazy (The Stop Remix!)","80"
"New Young Pony Club","Layla","F","63","Griffin","287.89506","paid","Lake Havasu City-Kingman, AZ","672","Architect Of Love","24"
"Hot Chip","Tegan","F","3","Levine","240.37832","paid","Portland-South Portland, ME","666","Beach Party","80"
"Kanye West","Layla","F","64","Griffin","311.84934","paid","Lake Havasu City-Kingman, AZ","672","Stronger","24"
"OneRepublic","Tegan","F","4","Levine","253.25669","paid","Portland-South Portland, ME","666","Good Life","80"
"Tom Petty And The Heartbreakers","Tegan","F","5","Levine","173.322","paid","Portland-South Portland, ME","666","Baby's A Rock 'N' Roller (Album Version)","80"
"Everclear","Layla","F","65","Griffin","172.22485","paid","Lake Havasu City-Kingman, AZ","672","Heartspark Dollarsign","24"
"Phil Collins","Layla","F","66","Griffin","175.12444","paid","Lake Havasu City-Kingman, AZ","672","You Can't Hurry Love","24"
"Sister Hazel","Layla","F","67","Griffin","243.25179","paid","Lake Havasu City-Kingman, AZ","672","Where Do You Go","24"
"Dwight Yoakam","Layla","F","68","Griffin","239.3073","paid","Lake Havasu City-Kingman, AZ","672","You're The One","24"
"The Ruts","Layla","F","69","Griffin","338.96444","paid","Lake Havasu City-Kingman, AZ","672","West One (Shine On Me)","24"
"Evil Nine","Layla","F","70","Griffin","232.9073","paid","Lake Havasu City-Kingman, AZ","672","The Wait (Feat. David Autokratz)","24"
"Cat Stevens","Layla","F","71","Griffin","229.19791","paid","Lake Havasu City-Kingman, AZ","672","Hard Headed Woman","24"
"The B-52's","Layla","F","72","Griffin","321.54077","paid","Lake Havasu City-Kingman, AZ","672","Love Shack","24"
"Cheb Mami","Layla","F","73","Griffin","229.32853","paid","Lake Havasu City-Kingman, AZ","672","A'rabti","24"
"matchbox twenty","Layla","F","74","Griffin","229.14567","paid","Lake Havasu City-Kingman, AZ","672","Unwell (Album Version)","24"
"Depeche Mode","Layla","F","75","Griffin","295.20934","paid","Lake Havasu City-Kingman, AZ","672","Personal Jesus","24"
"Coheed and Cambria","Layla","F","76","Griffin","563.82649","paid","Lake Havasu City-Kingman, AZ","672","The Light & The Glass","24"
"Bob Lind","Layla","F","77","Griffin","167.83628","paid","Lake Havasu City-Kingman, AZ","672","Elusive Butterfly","24"
"Nightwish","Layla","F","78","Griffin","321.98485","paid","Lake Havasu City-Kingman, AZ","672","Astral Romance","24"
"Old 97's","Layla","F","79","Griffin","188.73424","paid","Lake Havasu City-Kingman, AZ","672","Timebomb (LP Version)","24"
"Young Money featuring Lloyd","Layla","F","80","Griffin","196.33587","paid","Lake Havasu City-Kingman, AZ","672","BedRock (Radio Edit) (feat.Lloyd)","24"
"Blind Guardian","Layla","F","81","Griffin","218.22649","paid","Lake Havasu City-Kingman, AZ","672","The Eldar (Remastered)","24"
"Stone Sour","Layla","F","82","Griffin","203.67628","paid","Lake Havasu City-Kingman, AZ","672","Made Of Scars (Album Version)","24"
"Daft Punk","Layla","F","83","Griffin","239.80363","paid","Lake Havasu City-Kingman, AZ","672","Face To Face","24"
"La Rue KÃÂ©tanou","Layla","F","84","Griffin","213.08036","paid","Lake Havasu City-Kingman, AZ","672","Les hommes que j'aime","24"
"James Blake","Ryan","M","0","Smith","287.00689","free","San Jose-Sunnyvale-Santa Clara, CA","706","Footnotes","26"
"Alex Ubago","Layla","F","85","Griffin","249.41669","paid","Lake Havasu City-Kingman, AZ","672","No Te Rindas","24"
"Metallica","Layla","F","86","Griffin","515.21261","paid","Lake Havasu City-Kingman, AZ","672","Master Of Puppets","24"
"September Malevolence","Layla","F","87","Griffin","823.74485","paid","Lake Havasu City-Kingman, AZ","672","Nobody Noticed The Fire","24"
"Morcheeba","Emily","F","0","Benson","360.48934","paid","Augusta-Richmond County, GA-SC","579","Big Calm","58"
"The Duckworth Lewis Method","Emily","F","1","Benson","258.16771","paid","Augusta-Richmond County, GA-SC","579","Flatten the Hay","58"
"CSS","Layla","F","88","Griffin","213.75955","paid","Lake Havasu City-Kingman, AZ","672","Let's Make Love And Listen To Death From Above [Dan Carey Mix] (remastered album version)","24"
"Stars","Emily","F","2","Benson","243.1473","paid","Augusta-Richmond County, GA-SC","579","Elevator Love Letter","58"
"The Black Keys","Layla","F","89","Griffin","211.01669","paid","Lake Havasu City-Kingman, AZ","672","Tighten Up","24"
"The All-American Rejects","Joseph","M","1","Gutierrez","260.23138","free","Columbia, SC","467","Happy Endings","75"
"Robert Plant","Layla","F","90","Griffin","226.48118","paid","Lake Havasu City-Kingman, AZ","672","If I Were A Carpenter","24"
"Gallows","Layla","F","91","Griffin","479.29424","paid","Lake Havasu City-Kingman, AZ","672","Crucifucks (Album Version)","24"
"Clara Nunes - Com Adoniran Barbosa","Layla","F","92","Griffin","241.162","paid","Lake Havasu City-Kingman, AZ","672","Iracema","24"
"BeyoncÃÂ©","Colm","M","0","Santana","261.74649","free","Nashville-Davidson--Murfreesboro--Franklin, TN","599","Halo","67"
"Vladislav Delay","Layla","F","93","Griffin","559.49016","paid","Lake Havasu City-Kingman, AZ","672","I Saw A Polysexual","24"
"The Pierces","Layla","F","94","Griffin","222.58893","paid","Lake Havasu City-Kingman, AZ","672","Three Wishes (Gossip Girl Soundtrack Version)","24"
"Kelis","Layla","F","95","Griffin","315.19302","paid","Lake Havasu City-Kingman, AZ","672","Mars","24"
"Linda Eder","Layla","F","96","Griffin","180.92363","paid","Lake Havasu City-Kingman, AZ","672","Don't Rain On My Parade (from Funny Girl) (2007 Remastered LP Version)","24"
"Airto Moreira","Layla","F","97","Griffin","306.07628","paid","Lake Havasu City-Kingman, AZ","672","Berimbau First Cry","24"
"Calvin Richardson","Layla","F","98","Griffin","76.25098","paid","Lake Havasu City-Kingman, AZ","672","Intro","24"
"Craig Mack","Layla","F","99","Griffin","218.04363","paid","Lake Havasu City-Kingman, AZ","672","Flava In Your Ear","24"
"Black Eyed Peas","Layla","F","100","Griffin","257.54077","paid","Lake Havasu City-Kingman, AZ","672","Imma Be","24"
"Remedy Drive","Layla","F","101","Griffin","185.46893","paid","Lake Havasu City-Kingman, AZ","672","All Along (Album)","24"
"Jarabe De Palo","Layla","F","102","Griffin","233.53424","paid","Lake Havasu City-Kingman, AZ","672","Como peces en el agua","24"
"Lunascape","Layla","F","103","Griffin","376.81587","paid","Lake Havasu City-Kingman, AZ","672","Mindstalking (JD Sub's Solid verZion)","24"
"Krista Detor","Chloe","F","0","Cuevas","249.73016","paid","San Francisco-Oakland-Hayward, CA","708","Robert Johnson Has Left Mississippi","49"
"Happy Mondays","Layla","F","104","Griffin","208.74404","paid","Lake Havasu City-Kingman, AZ","672","Holiday","24"
"Kaya Project","Chloe","F","1","Cuevas","370.65098","paid","San Francisco-Oakland-Hayward, CA","708","Elixir (featuring Omar Farouk Teklibek)","49"
"Cutting Crew","Layla","F","105","Griffin","293.22404","paid","Lake Havasu City-Kingman, AZ","672","Fear Of Falling","24"
"Less Than Jake","Layla","F","106","Griffin","154.48771","paid","Lake Havasu City-Kingman, AZ","672","Scott Farcas Takes It On The Chin","24"
"Chevelle","Chloe","F","3","Cuevas","250.06975","paid","San Francisco-Oakland-Hayward, CA","708","Wonder What's Next","49"
"The Cinematic Orchestra","Chloe","F","4","Cuevas","373.9424","paid","San Francisco-Oakland-Hayward, CA","708","To Build A Home","49"
"Between The Buried And Me","Chloe","F","5","Cuevas","217.75628","paid","San Francisco-Oakland-Hayward, CA","708","Mirrors","49"
"Kealii Reichel","Chloe","F","6","Cuevas","287.65995","paid","San Francisco-Oakland-Hayward, CA","708","Kawaipunahele (Album Version)","49"
"Tub Ring","Chloe","F","7","Cuevas","233.69098","paid","San Francisco-Oakland-Hayward, CA","708","Invalid","49"
"Joe Christmas","Chloe","F","8","Cuevas","185.7824","paid","San Francisco-Oakland-Hayward, CA","708","Bedroom Suite","49"
"Die Mooskirchner","Chloe","F","9","Cuevas","169.29914","paid","San Francisco-Oakland-Hayward, CA","708","Frisch und g'sund","49"
"Devendra Banhart","Chloe","F","10","Cuevas","150.41261","paid","San Francisco-Oakland-Hayward, CA","708","Todo Los Dolores","49"
"Method Man / Ghostface Killah / Solomon Childs / Streetlife","Chloe","F","11","Cuevas","177.13587","paid","San Francisco-Oakland-Hayward, CA","708","Smooth Sailing Remix","49"
"Live","Chloe","F","12","Cuevas","231.78404","paid","San Francisco-Oakland-Hayward, CA","708","The Distance","49"
"Kansas","Chloe","F","13","Cuevas","337.26649","paid","San Francisco-Oakland-Hayward, CA","708","Look At The Time","49"
"Alain Clark","Chloe","F","14","Cuevas","219.27138","paid","San Francisco-Oakland-Hayward, CA","708","I Need You (Album)","49"
"Bright Eyes","Chloe","F","15","Cuevas","224.80934","paid","San Francisco-Oakland-Hayward, CA","708","At The Bottom Of Everything","49"
"Devendra Banhart","Chloe","F","16","Cuevas","97.43628","paid","San Francisco-Oakland-Hayward, CA","708","My Ships","49"
"John Michael Montgomery","Chloe","F","17","Cuevas","234.29179","paid","San Francisco-Oakland-Hayward, CA","708","I Can Love You Like That (Remastered Version)","49"
"The Pink Fairies","Chloe","F","18","Cuevas","236.40771","paid","San Francisco-Oakland-Hayward, CA","708","The Snake","49"
"Simon Harris","Chloe","F","19","Cuevas","195.83955","paid","San Francisco-Oakland-Hayward, CA","708","Sample Track 2","49"
"OneRepublic","Chloe","F","20","Cuevas","224.67873","paid","San Francisco-Oakland-Hayward, CA","708","Secrets","49"
"Greg Adams","Chloe","F","21","Cuevas","285.57016","paid","San Francisco-Oakland-Hayward, CA","708","Wrapped Around Your Finger","49"
"Colbie Caillat","Chloe","F","22","Cuevas","233.16853","paid","San Francisco-Oakland-Hayward, CA","708","I Never Told You","49"
"The All-American Rejects","Chloe","F","23","Cuevas","189.25669","paid","San Francisco-Oakland-Hayward, CA","708","Stab My Back","49"
"Third Day","Chloe","F","24","Cuevas","279.17016","paid","San Francisco-Oakland-Hayward, CA","708","God of Wonders","49"
"Toby Keith","Chloe","F","25","Cuevas","243.69587","paid","San Francisco-Oakland-Hayward, CA","708","Weed With Willie","49"
"Coldplay","Chloe","F","26","Cuevas","327.8624","paid","San Francisco-Oakland-Hayward, CA","708","Daylight","49"
"Freefall Feat. Jan Johnston","Chloe","F","27","Cuevas","532.11383","paid","San Francisco-Oakland-Hayward, CA","708","Skydive (I Feel Wonderful)","49"
"Roger Cicero","Ryan","M","0","Smith","176.97914","free","San Jose-Sunnyvale-Santa Clara, CA","719","Frauen regier'n die Welt","26"
"Lady GaGa / Colby O'Donis","Ryan","M","1","Smith","238.54975","free","San Jose-Sunnyvale-Santa Clara, CA","719","Just Dance","26"
"Hot Chip","Mohammad","M","0","Rodriguez","283.32363","free","Sacramento--Roseville--Arden-Arcade, CA","688","We're Looking For A Lot Of Love","88"
"Tenth Avenue North","Lily","F","1","Burns","245.34159","free","New York-Newark-Jersey City, NY-NJ-PA","711","Love Is Here","32"
"Kid Cudi / Ratatat","Ayla","F","1","Johnson","246.72608","free","Santa Rosa, CA","627","Alive (nightmare)","63"
"Cesaria Evora","Makinley","F","0","Jones","241.78893","free","Chicago-Naperville-Elgin, IL-IN-WI","190","Cabo Verde MandÃÂ¡ MantÃÂ©nha","17"
"Iron Maiden","Anabelle","F","0","Simpson","227.76118","free","Philadelphia-Camden-Wilmington, PA-NJ-DE-MD","651","Holy Smoke","69"
"Angels and Airwaves","Makinley","F","1","Jones","302.05342","free","Chicago-Naperville-Elgin, IL-IN-WI","190","The Gift","17"
"Aaron Shust","Makinley","F","2","Jones","222.11873","free","Chicago-Naperville-Elgin, IL-IN-WI","190","Like I Never Felt Before","17"
"John Mayer","Jayden","M","0","Fox","259.16036","free","New Orleans-Metairie, LA","673","Wait Until Tomorrow","101"
"Yes","Brayden","M","0","Clark","260.8322","free","New York-Newark-Jersey City, NY-NJ-PA","477","TO BE OVER","41"
"Brooklyn Bounce","Brayden","M","1","Clark","359.13098","free","New York-Newark-Jersey City, NY-NJ-PA","477","Get Ready To Bounce Recall 08","41"
"Cold","Brayden","M","4","Clark","189.83138","free","New York-Newark-Jersey City, NY-NJ-PA","477","Stupid Girl","41"
"Parachute","Dominick","M","0","Norris","146.05016","free","Los Angeles-Long Beach-Anaheim, CA","403","She Is Love","45"
"Ericke","Brayden","M","5","Clark","435.93098","free","New York-Newark-Jersey City, NY-NJ-PA","477","The Beat Is Rockin (Original Mix)","41"
"Weird Al Yankovic","Brayden","M","6","Clark","202.47465","free","New York-Newark-Jersey City, NY-NJ-PA","477","Amish Paradise (Parody of ""Gangsta's Paradise"" by Coolio)","41"
"The Bucketheads","Brayden","M","7","Clark","386.97751","free","New York-Newark-Jersey City, NY-NJ-PA","477","The Bomb (Little Louie Vega Bonus)","41"
"Taylor Swift","Brayden","M","8","Clark","233.89995","free","New York-Newark-Jersey City, NY-NJ-PA","477","Love Story","41"
"JosÃÂ© Alfredo Jimenez Con Mariachi Vargas De Tecalitlan","Brayden","M","9","Clark","129.27955","free","New York-Newark-Jersey City, NY-NJ-PA","477","El Rey","41"
"The Black Keys","Jaleah","F","0","Hayes","203.75465","paid","San Antonio-New Braunfels, TX","696","When The Lights Go Out","70"
"Tennessee Ernie Ford","Jaleah","F","1","Hayes","157.1522","paid","San Antonio-New Braunfels, TX","696","Sixteen Tons","70"
"Neutral Milk Hotel","Jaleah","F","2","Hayes","193.90649","paid","San Antonio-New Braunfels, TX","696","Gardenhead / Leave Me Alone","70"
"Don Henley","Jaleah","F","3","Hayes","257.41016","paid","San Antonio-New Braunfels, TX","696","Through Your Hands (Album Version)","70"
"Nik BÃÂ¤rtsch's Ronin","Jaleah","F","4","Hayes","754.72934","paid","San Antonio-New Braunfels, TX","696","MODUL 23","70"
"Train","Chloe","F","1","Cuevas","270.18404","paid","San Francisco-Oakland-Hayward, CA","724","Explanation","49"
"Bright Eyes","Jaleah","F","5","Hayes","234.34404","paid","San Antonio-New Braunfels, TX","696","Arc Of Time (time Code) (Album Version)","70"
"Usher featuring will.i.am","Jaleah","F","6","Hayes","395.72853","paid","San Antonio-New Braunfels, TX","696","OMG","70"
"Kaci Brown","Chloe","F","2","Cuevas","201.29914","paid","San Francisco-Oakland-Hayward, CA","724","Make You Love Me","49"
"Todd Barry","Chloe","F","3","Cuevas","126.82404","paid","San Francisco-Oakland-Hayward, CA","724","Sugar Ray (LP Version)","49"
"Gob","Chloe","F","4","Cuevas","154.17424","paid","San Francisco-Oakland-Hayward, CA","724","Ming Tran","49"
"Soltero","Jaleah","F","7","Hayes","191.7122","paid","San Antonio-New Braunfels, TX","696","Step Through The Door","70"
"Dropkick Murphys","Chloe","F","5","Cuevas","292.25751","paid","San Francisco-Oakland-Hayward, CA","724","Johnny_ I Hardly Knew Ya","49"
"The (International) Noise Conspiracy","Jaleah","F","8","Hayes","217.05098","paid","San Antonio-New Braunfels, TX","696","T.I.M.E.B.O.M.B.","70"
"Theory Of A Deadman","Jaleah","F","9","Hayes","211.66975","paid","San Antonio-New Braunfels, TX","696","Little Smirk","70"
"Phantom Planet","Jaleah","F","10","Hayes","205.06077","paid","San Antonio-New Braunfels, TX","696","Do The Panic","70"
"Panic At The Disco","Jaleah","F","11","Hayes","259.29098","paid","San Antonio-New Braunfels, TX","696","Behind The Sea [Live In Chicago]","70"
"Air France","Jaleah","F","12","Hayes","192.73098","paid","San Antonio-New Braunfels, TX","696","Windmill Wedding","70"
"Green Day","Jaleah","F","13","Hayes","185.12934","paid","San Antonio-New Braunfels, TX","696","American Idiot [feat. Green Day & The Cast Of American Idiot] (Album Version)","70"
"Sade","Jaleah","F","14","Hayes","236.40771","paid","San Antonio-New Braunfels, TX","696","Nothing Can Come Between Us","70"
"Jack Johnson","Layla","F","1","Griffin","169.66485","paid","Lake Havasu City-Kingman, AZ","723","Holes To Heaven","24"
"The Ordinary Boys","Layla","F","2","Griffin","162.87302","paid","Lake Havasu City-Kingman, AZ","723","Boys Will Be Boys","24"
"Radiohead","Layla","F","3","Griffin","235.7024","paid","Lake Havasu City-Kingman, AZ","723","Creep (Explicit)","24"
"Pieces Of A Dream","Layla","F","4","Griffin","315.79383","paid","Lake Havasu City-Kingman, AZ","723","Ocean View","24"
"Cartola","Layla","F","5","Griffin","127.242","paid","Lake Havasu City-Kingman, AZ","723","Tive Sim","24"
"Epica","Layla","F","6","Griffin","254.9024","paid","Lake Havasu City-Kingman, AZ","723","Incentive (Bonus Track)","24"
"Andreas Johnson","Layla","F","7","Griffin","190.17098","paid","Lake Havasu City-Kingman, AZ","723","A Little Bit Of Love","24"
"Sam Sparro","Layla","F","8","Griffin","210.33751","paid","Lake Havasu City-Kingman, AZ","723","Black & Gold","24"
"Boards of Canada","Layla","F","9","Griffin","317.70077","paid","Lake Havasu City-Kingman, AZ","723","June 9th","24"
"Sonny & Cher","Layla","F","10","Griffin","222.30159","paid","Lake Havasu City-Kingman, AZ","723","What Now My Love (LP Version)","24"
"Dakota Oak","Layla","F","11","Griffin","45.63546","paid","Lake Havasu City-Kingman, AZ","723","Baker's Blue Jay Yarn","24"
"Derek Webb","Layla","F","12","Griffin","166.19057","paid","Lake Havasu City-Kingman, AZ","723","Please_ Before I Go","24"
"The Hippos","Layla","F","13","Griffin","127.58159","paid","Lake Havasu City-Kingman, AZ","723","Freeze Up","24"
"Regina Spektor","Molly","F","0","Taylor","191.08526","free","St. Louis, MO-IL","702","The Calculation (Album Version)","35"
"Dragonforce","Theodore","M","0","Smith","473.41669","free","Houston-The Woodlands-Sugar Land, TX","601","Revolution Deathsquad (Album Version)","52"
"Alliance Ethnik","Molly","F","1","Taylor","252.21179","free","St. Louis, MO-IL","702","ReprÃÂ©sente","35"
"Dave Hollister","Theodore","M","1","Smith","271.62077","free","Houston-The Woodlands-Sugar Land, TX","601","One Woman Man","52"
"Dave Evans & Thunder Down Under","Mohammad","M","0","Rodriguez","201.01179","free","Sacramento--Roseville--Arden-Arcade, CA","726","Somebody Better","88"
"Los Alegres De Teran","Mohammad","M","1","Rodriguez","164.54485","free","Sacramento--Roseville--Arden-Arcade, CA","726","Llore Por Tu Amor","88"
"Leggo Beast","Mohammad","M","2","Rodriguez","321.93261","free","Sacramento--Roseville--Arden-Arcade, CA","726","Itchy Feet","88"
"Tiamat","Mohammad","M","3","Rodriguez","85.73342","free","Sacramento--Roseville--Arden-Arcade, CA","726","Diyala","88"
"Me In Motion","Mohammad","M","7","Rodriguez","156.62975","paid","Sacramento--Roseville--Arden-Arcade, CA","726","Here In The Middle","88"
"Andre Hazes","Kaleb","M","1","Cook","206.70649","free","Yuba City, CA","683","Droomland (duet met Paul de Leeuw)","54"
"Eva Cassidy","Mohammad","M","8","Rodriguez","289.56689","paid","Sacramento--Roseville--Arden-Arcade, CA","726","Autumn Leaves","88"
"Coldplay","Kaleb","M","2","Cook","298.762","free","Yuba City, CA","683","Shiver","54"
"Blind Melon","Mohammad","M","9","Rodriguez","166.39955","paid","Sacramento--Roseville--Arden-Arcade, CA","726","Walk","88"
"Ry Cooder","Harper","M","0","Barrett","201.56036","paid","New York-Newark-Jersey City, NY-NJ-PA","632","Corrido de Boxeo","42"
"Tom Petty","Harper","M","1","Barrett","263.23546","paid","New York-Newark-Jersey City, NY-NJ-PA","632","Runnin' Down A Dream","42"
"Alanis Morissette","Harper","M","2","Barrett","262.32118","paid","New York-Newark-Jersey City, NY-NJ-PA","632","Citizen Of The Planet (Album Version)","42"
"Graham Coxon","Harper","M","3","Barrett","221.88363","paid","New York-Newark-Jersey City, NY-NJ-PA","632","Freakin' Out","42"
"Carpenters","Harper","M","4","Barrett","276.06159","paid","New York-Newark-Jersey City, NY-NJ-PA","632","(They Long To Be) Close To You","42"
"The Sugarcubes","Harper","M","5","Barrett","156.96934","paid","New York-Newark-Jersey City, NY-NJ-PA","632","Blue Eyed Pop","42"
"Just Jack","Devin","M","1","Larson","246.64771","free","Tampa-St. Petersburg-Clearwater, FL","624","Mourning Morning","60"
"Creedence Clearwater Revival","Harper","M","7","Barrett","190.77179","paid","New York-Newark-Jersey City, NY-NJ-PA","632","Lodi","42"
"Smile Empty Soul","Devin","M","2","Larson","224.33914","free","Tampa-St. Petersburg-Clearwater, FL","624","To The Ground","60"
"Jason Mraz","Harper","M","8","Barrett","243.48689","paid","New York-Newark-Jersey City, NY-NJ-PA","632","I'm Yours (Album Version)","42"
"RUN-DMC","Devin","M","3","Larson","182.77832","free","Tampa-St. Petersburg-Clearwater, FL","624","It's Tricky","60"
"The Union Underground","Harper","M","9","Barrett","206.96771","paid","New York-Newark-Jersey City, NY-NJ-PA","632","Natural High","42"
"Jay-Jay Johanson","Devin","M","4","Larson","246.64771","free","Tampa-St. Petersburg-Clearwater, FL","624","Waiting","60"
"M.I.A.","Harper","M","10","Barrett","206.13179","paid","New York-Newark-Jersey City, NY-NJ-PA","632","Paper Planes","42"
"Franz Ferdinand","Devin","M","5","Larson","183.35302","free","Tampa-St. Petersburg-Clearwater, FL","624","Fade Together","60"
"Todd Barry","Harper","M","11","Barrett","126.82404","paid","New York-Newark-Jersey City, NY-NJ-PA","632","Sugar Ray (LP Version)","42"
"Rilo Kiley","Harper","M","12","Barrett","222.06649","paid","New York-Newark-Jersey City, NY-NJ-PA","632","With Arms Outstretched (Album Version)","42"
"Paul Simon","Samuel","M","0","Gonzalez","189.72689","free","Houston-The Woodlands-Sugar Land, TX","703","The Sound Of Silence","61"
"Crystal Castles","Braden","M","1","Parker","293.8771","free","Youngstown-Warren-Boardman, OH-PA","570","Year Of Silence","74"
"Ultraje A Rigor","Jayden","M","0","Graves","214.282","paid","Marinette, WI-MI","594","InÃÂºtil","25"
"Journey","Jayden","M","1","Graves","250.14812","paid","Marinette, WI-MI","594","When You Love A Woman","25"
"John Mayer","Jayden","M","2","Graves","201.16853","paid","Marinette, WI-MI","594","Waiting On The World To Change","25"
"The Decemberists","Jayden","M","3","Graves","421.85098","paid","Marinette, WI-MI","594","I Was Meant For the Stage","25"
"Blue October","Ayleen","F","0","Wise","325.90322","free","Columbia, SC","212","Come In Closer","71"
"Priscilla Ahn","Jayden","M","4","Graves","211.64363","paid","Marinette, WI-MI","594","Dream","25"
"John Hiatt","Jayden","M","5","Graves","272.06485","paid","Marinette, WI-MI","594","Something Wild","25"
"Sauce Money Featuring Memphis Bleek","Jayden","M","6","Graves","280.21506","paid","Marinette, WI-MI","594","What We Do (Explicit) (Feat. Memphis Bleek)","25"
"Alice Deejay","Jayden","M","7","Graves","216.5024","paid","Marinette, WI-MI","594","Better Off Alone","25"
"Avenged Sevenfold","Jayden","M","8","Graves","538.30485","paid","Marinette, WI-MI","594","I Won't See You Tonight Part 1","25"
"Alejandro Sanz","Ryan","M","0","Smith","230.24281","free","San Jose-Sunnyvale-Santa Clara, CA","725","Non E_ Per Te_ Per Me","26"
"Black Mountain","Ryan","M","1","Smith","267.41506","free","San Jose-Sunnyvale-Santa Clara, CA","725","Stay Free (Album Version)","26"
"Tom Petty","Jayden","M","9","Graves","263.23546","paid","Marinette, WI-MI","594","Runnin' Down A Dream","25"
"Eddie Vedder","Jayden","M","10","Graves","164.17914","paid","Marinette, WI-MI","594","Guaranteed","25"
"Alex Party","Jayden","M","12","Graves","229.77261","paid","Marinette, WI-MI","594","Don't Give Me Your Life","25"
"Mission Of Burma","Jayden","M","13","Graves","188.1073","paid","Marinette, WI-MI","594","Comes Undone","25"
"Camera Obscura","Jayden","M","14","Graves","229.51138","paid","Marinette, WI-MI","594","James","25"
"Enya","Jayden","M","15","Graves","212.32281","paid","Marinette, WI-MI","594","May It Be (Album version)","25"
"R.I.O.","Jayden","M","16","Graves","217.12934","paid","Marinette, WI-MI","594","When The Sun Comes Down","25"
"Modest Mouse","Jayden","M","17","Graves","209.52771","paid","Marinette, WI-MI","594","Float On","25"
"Bill Withers","Jayden","M","18","Graves","383.73832","paid","Marinette, WI-MI","594","Make Love To Your Mind","25"
"Metallica","Jayden","M","19","Graves","306.46812","paid","Marinette, WI-MI","594","Ain't My Bitch","25"
"AFI","Jayden","M","20","Graves","176.48281","paid","Marinette, WI-MI","594","Miseria Cantare--The Beginning","25"
"Badly Drawn Boy","Jayden","M","21","Graves","306.46812","paid","Marinette, WI-MI","594","Wider Than a Smile","25"
"Dante Thomas","Jayden","M","22","Graves","217.65179","paid","Marinette, WI-MI","594","Get It On","25"
"Shinedown","Jayden","M","23","Graves","204.01587","paid","Marinette, WI-MI","594","Heroes (Album Version)","25"
"MGMT","Bronson","M","1","Harris","264.17587","free","Eugene, OR","682","Time To Pretend","33"
"Last Days Of April","Jayden","M","24","Graves","185.39057","paid","Marinette, WI-MI","594","Who's On The Phone?","25"
"Corinne Bailey Rae","Jayden","M","25","Graves","192.86159","paid","Marinette, WI-MI","594","Another Rainy Day","25"
"JosÃÂ© MercÃÂ©","Jayden","M","26","Graves","219.24526","paid","Marinette, WI-MI","594","Primavera","25"
"Lady GaGa","Jayden","M","27","Graves","249.20771","paid","Marinette, WI-MI","594","Monster","25"
"Javier Ruibal","Jayden","M","28","Graves","286.95465","paid","Marinette, WI-MI","594","Isla Mujeres","25"
"Finntroll","Jayden","M","29","Graves","280.37179","paid","Marinette, WI-MI","594","SÃÂ¥ng","25"
"Nada Surf","Jayden","M","30","Graves","220.57751","paid","Marinette, WI-MI","594","Popular (LP Version)","25"
"Redbone","Jayden","M","31","Graves","586.21342","paid","Marinette, WI-MI","594","Sizzle Gets It Again","25"
